--
-- Дамп даних таблиці `orders`
--

INSERT INTO `orders` (`id_order`, `id_user`, `sale_date`) VALUES
(1, 1, '2023-05-31'),
(2, 2, '2023-06-01'),
(3, 1, '2023-06-01'),
(4, 3, '2023-06-03');


--
-- Дамп даних таблиці `order_producr`
--

INSERT INTO `order_producr` (`id_order_product`, `id_order`, `id_product`, `quantity`) VALUES
(1, 1, 1, 2),
(2, 1, 2, 1),
(3, 2, 3, 1),
(4, 2, 1, 2),
(5, 3, 2, 3),
(6, 4, 1, 1),
(7, 4, 2, 2),
(8, 4, 3, 2);


--
-- Дамп даних таблиці `product`
--

INSERT INTO `product` (`id_product`, `name_product`, `id_type`, `description`, `photo_product`, `price`, `volume`) VALUES
(1, 'Гіпсокартон Plato вологостійкий', 1, '<p>Затіяли ремонт, а стіни прямо скажемо не ідеальні, а хочеться правильну і красиву геометрію приміщення? Потрібен недорогий, зручний в монтажі матеріал - це гіпсокартон.</p>\r\n\r\n<p>Стіновий гіпсокартон застосовується для обробки стін, стан яких не дозволяє нанесення штукатурки або її застосування є економічно недоцільним, при монтажі каркасних перегородок, а так само декоруванні стін різними архітектурними елементами.</p>\r\n\r\n<p>Завдяки своїм властивостям гіпсокартон дозволяє створювати конструкції довільної форми і дає волю фантазії дизайнерів. На сьогоднішній день, це кращий матеріал для ремонту та декору житла. Завдяки універсальності цього матеріалу його можна використовувати для самих хитромудрих геометричних форм в самих непідготовлених приміщеннях.</p>', 'https://zirka21.com.ua/assets/cache/images/tovary/gipsokarton/gipsokarton-maestro-vlagostojkij-125h1200h2500-540x380-0ef.webp', '450.00', '12.5х1200х2500'),
(2, 'Шпаклювальна гладь Sniezka Acryl-Putz ST10 Start 2 в 1 старт+фініш', 2, '<p>Характеристика</p>\r\n\r\n<p>Сніжно-біла шпаклювальна гладь має відмінну адгезію з основою. Не осідає, висихає за короткий час, не тріскає навіть при товстих шарах (до 3 см – при поодиноких виїмках),її легко шліфувати. Стіни і стелі після застосування шпаклювальної гладі мають ідеально гладеньку поверхню, яку легко фарбувати.</p>\r\n\r\n<p>Застосування</p>\r\n\r\n<p>Рекомендована для облицювальних та ремонтних робіт всередині приміщень, особливо для цілісного поверхневого вигладжування стін і стель, розшивки гіпсокартонних плит з армовальною стрічкою, нівелювання значних шорсткостей, нерівностей та тріщин на поверхні штукатурок, дерев’яних плит, деревопохідних матеріалів, а також для вирівнювання основ з цегли та бетону. Завдяки сучасній формулі її можна використовувати як верхній шар без необхідності застосування фінішних шпаклювальних мас.</p>', 'https://zirka21.com.ua/assets/cache/images/tovary/suhie-shpaklyovki/st10_4-540x380-857.webp', '112.00', '5кг'),
(3, 'Фарба Інтер\'єрна Ролакс', 6, '<p>Склад: Суміш ультра-білого пігменту і мікронізованого мармуру в водної дисперсії акрилового сополімеру з додаванням спеціальних допоміжних речовин.</p>\r\n\r\n<p>Властивості: Не містить металу, в якості наповнювача використовується мікронізований мармур, який значно підвищує якісні характеристики фарби. Характеризується високою покриває здатністю і відмінною адгезією до поверхні, що фарбується, абсолютно нешкідлива для здоров\'я і практично не має запаху, легко наноситься не утворюючи патьоків і не розбризкуючись. Має високу зносостійкість, а також високою паропроникністю, що забезпечує \'дихання\' стін. Утворює матове гладке біле покриття стійке до стирання і миття.</p>\r\n\r\n<p>Призначення: Для декоративно-захисного фарбування стін і стель у приміщеннях з високим експлуатаційним навантаженням. Може наноситися на вапняні, гіпсові, цементні, бетонні, дерев\'яні і дерев\'янистих поверхні, на цеглу та камінь, а також на гіпсокартонні плити і шпалери на паперовій, вінілової, флізеліновій або стекловолоконістой основі, всередині приміщення.<p>\r\n\r\n<p>Витрата на один шар 120-140 г / м2 в залежності від типу поверхні та методу нанесення.</p>', 'https://zirka21.com.ua/assets/cache/images/Mattlatex-540x380-ba0.webp', '247.00', '7кг');

--
-- Дамп даних таблиці `type_product`
--

INSERT INTO `type_product` (`id_type`, `name_type`, `photo_type`) VALUES
(1, 'Гіпсокартон та комплектуючі', 'https://zirka21.com.ua/assets/cache/images/tovary/profil/962_big-330x200-3e1.webp'),
(2, 'Суміші для підлоги і стін', 'https://zirka21.com.ua/assets/cache/images/categ/samovirivnyuvalni-sumishi-330x200-372.webp'),
(3, 'Будівельна хімія', 'https://zirka21.com.ua/assets/cache/images/categ/lopnul-akvarium-chem-i-kak-ego-skleivat-4-330x200-cc3.webp'),
(4, 'Загальнобудівельні матеріали', 'https://zirka21.com.ua/assets/cache/images/categ/cement-330x200-7bc.webp'),
(5, 'Тепло-звукоізоляція', 'https://zirka21.com.ua/assets/cache/images/categ/izolon-330x200-951.webp'),
(6, 'Фарби, грунтовки, барвники', 'https://zirka21.com.ua/assets/cache/images/categ/emali-laki-rozchinniki-330x200-8b1.webp'),
(7, 'Система підвісної стелі', 'https://zirka21.com.ua/assets/cache/images/categ/pliti-dlya-pidvisnoi-steli-330x200-a0c.webp'),
(8, 'Кровельні матеріали', 'https://zirka21.com.ua/assets/cache/images/categ/profnastil-330x200-d2d.webp'),
(9, 'Пиломатеріали', 'https://zirka21.com.ua/assets/cache/images/categ/image-330x200-727.webp'),
(10, 'Газобетон', 'https://zirka21.com.ua/assets/cache/images/tovary/gazobeton/gazobetonnyj-blok/1-232x178-174.webp');

--
-- Дамп даних таблиці `user`
--

INSERT INTO `user` (`id_user`, `name_user`, `phone_user`, `login`, `password`, `role`) VALUES
(1, 'Валерій Євгенович Кравченко', '+380992148987', 'valeriy_k', '1111', 'client'),
(2, 'Василенко Юрій Миколайович', '+380685770016', 'vasulenko_1', '2222', 'client'),
(3, 'Марія Миколаївна Антоненко', '+380669996574', 'maria2901', '3333', 'client'),
(4, 'Петренко Юлія Євгенівна', '+380985085496', 'manager1', '1234', 'manager');

--
-- AUTO_INCREMENT для збережених таблиць
--

--
-- AUTO_INCREMENT для таблиці `orders`
--
ALTER TABLE `orders`
  MODIFY `id_order` int(11) NOT NULL AUTO_INCREMENT, AUTO_INCREMENT=5;

--
-- AUTO_INCREMENT для таблиці `order_producr`
--
ALTER TABLE `order_producr`
  MODIFY `id_order_product` int(11) NOT NULL AUTO_INCREMENT, AUTO_INCREMENT=9;

--
-- AUTO_INCREMENT для таблиці `product`
--
ALTER TABLE `product`
  MODIFY `id_product` int(11) NOT NULL AUTO_INCREMENT, AUTO_INCREMENT=4;

--
-- AUTO_INCREMENT для таблиці `type_product`
--
ALTER TABLE `type_product`
  MODIFY `id_type` int(11) NOT NULL AUTO_INCREMENT, AUTO_INCREMENT=11;

--
-- AUTO_INCREMENT для таблиці `user`
--
ALTER TABLE `user`
  MODIFY `id_user` int(11) NOT NULL AUTO_INCREMENT, AUTO_INCREMENT=5;
